{
  "openapi": "3.0.3",
  "info": {
    "title": "Swagger Estética Pet - OpenAPI 3.0",
    "description": "Trabalho API REST",
    "license": {
      "name": "Apache 2.0",
      "url": "http://www.apache.org/licenses/LICENSE-2.0.html"
    },
    "version": "1.0"
  },
  "tags": [
    {
      "name": "list",
      "description": "Lista atendimentos",
    },
    {
      "name": "insert",
      "description": "Adiciona elemento à lista de atendimentos",
    },
    {
      "name": "update",
      "description": "Atualiza atendimento"
    },
    {
      "name": "delete",
      "description": "Remove atendimento"
    },
    {
      "name": "retrieve",
      "description": "Busca atendimento"
    }
  ],
  "paths": {
    "/list": {
      "get": {
        "tags": [
          "list"
        ],
        "summary": "Lista atendimentos",
        "description": "Lista atendimentos",

        "responses": {
          "200": {
            "description": "Successful operation",
          },
          "404": {
            "description": "not found"
          },
        }

      }
    }, 
    "/insert": {
      "post": {
        "tags": [
          "insert"
        ],
        "summary": "Adiciona atendimento",
        "description": "Adiciona atendimento",
        "responses": {
          "200": {
            "description": "Successful operation",
          },
          "404": {
            "description": "not found"
          },
        }
      }
    },
    "/update": {
      "post": {
        "tags": [
          "update"
        ],
        "summary": "Atualiza atendimento",
        "description": "Atualiza atendimento",
        "responses": {
          "200": {
            "description": "Successful operation",
          },
          "404": {
            "description": "not found"
          },
        }
      }
    },
    "/delete": {
      "post": {
        "tags": [
          "delete"
        ],
        "summary": "Remove atendimento",
        "description": "Remove  atendimento",
        "responses": {
          "200": {
            "description": "Successful operation",
          },
          "404": {
            "description": "not found"
          },
        }
      }
    },
    "/retrieve": {
      "post": {
        "tags": [
          "retrieve"
        ],
        "summary": "Busca atendimento",
        "description": "Busca  atendimento",
        "responses": {
          "200": {
            "description": "Successful operation",
          },
          "404": {
            "description": "not found"
          },
        }
      }
    },

  }
}

